{
    "A": [ 1.023342424, 2.123123131, 3.1232131, 1e-2, 5.0 ],

    "strideA": 1,
    "offsetA": 0,

    "order": "row-major",

    "B": [ 1.0, 2.0, 3.0, 4.0, 5.0, 6.0 ],
    "strideB1": 2,
    "strideB2": 1,
    "offsetB": 0,

    "B_mat": [
        [ 1.0, 2.0 ],
        [ 3.0, 4.0 ],
        [ 5.0, 6.0 ]
    ]
}