{
  "A": [
    1.023342424,
    9999,
    2.123123131,
    9999,
    3.1232131,
    9999,
    0.01,
    9999,
    5,
    9999
  ],
  "strideA": 2,
  "offsetA": 0,
  "order": "row-major",
  "B": [
    1,
    9999,
    2,
    9999,
    3,
    9999,
    4,
    9999,
    5,
    9999,
    6,
    9999
  ],
  "strideB1": 4,
  "strideB2": 2,
  "offsetB": 0,
  "B_mat": [
    [
      1,
      2
    ],
    [
      3,
      4
    ],
    [
      5,
      6
    ]
  ]
}