{
  "A": [
    9999,
    1.023342424,
    2.123123131,
    3.1232131,
    0.01,
    5
  ],
  "strideA": 1,
  "offsetA": 1,
  "order": "column-major",
  "B": [
    9999,
    1,
    2,
    3,
    4,
    5,
    6
  ],
  "strideB1": 1,
  "strideB2": 3,
  "offsetB": 1,
  "B_mat": [
    [
      1,
      4
    ],
    [
      2,
      5
    ],
    [
      3,
      6
    ]
  ]
}