{
  "A": [
    5,
    0.01,
    3.1232131,
    2.123123131,
    1.023342424
  ],
  "strideA": -1,
  "offsetA": 4,
  "order": "row-major",
  "B": [
    6,
    5,
    4,
    3,
    2,
    1
  ],
  "strideB1": -2,
  "strideB2": -1,
  "offsetB": 5,
  "B_mat": [
    [
      1,
      2
    ],
    [
      3,
      4
    ],
    [
      5,
      6
    ]
  ]
}