{
  "A": [
    1.023342424,
    2.123123131,
    3.1232131,
    0.01,
    5
  ],
  "strideA": 1,
  "offsetA": 0,
  "order": "row-major",
  "B": [
    5,
    6,
    3,
    4,
    1,
    2
  ],
  "strideB1": -2,
  "strideB2": 1,
  "offsetB": 4,
  "B_mat": [
    [
      1,
      2
    ],
    [
      3,
      4
    ],
    [
      5,
      6
    ]
  ]
}